{
  "properties": {
    "connectionReferences": {
      "shared_excelonlinebusiness": {
        "runtimeSource": "invoker",
        "connection": {
          "connectionReferenceLogicalName": "bdo_sharedexcelonlinebusiness_92771"
        },
        "api": {
          "name": "shared_excelonlinebusiness"
        }
      },
      "shared_commondataserviceforapps": {
        "runtimeSource": "embedded",
        "connection": {
          "connectionReferenceLogicalName": "bdo_sharedcommondataserviceforapps_58715"
        },
        "api": {
          "name": "shared_commondataserviceforapps"
        }
      }
    },
    "definition": {
      "$schema": "https://schema.management.azure.com/providers/Microsoft.Logic/schemas/2016-06-01/workflowdefinition.json#",
      "contentVersion": "1.0.0.0",
      "parameters": {
        "$connections": {
          "defaultValue": {},
          "type": "Object"
        },
        "$authentication": {
          "defaultValue": {},
          "type": "SecureObject"
        }
      },
      "triggers": {
        "manual": {
          "metadata": {
            "operationMetadataId": "c7f67a25-da32-4f1c-b579-de7ccc72faf2"
          },
          "type": "Request",
          "kind": "Button",
          "inputs": {
            "schema": {
              "type": "object",
              "properties": {},
              "required": []
            }
          }
        }
      },
      "actions": {
        "List_rows_present_in_a_table": {
          "runAfter": {},
          "metadata": {
            "01Z7L43MNBYUQJFKJXXFE23DVKV2KQKZ5Q": "/General - Phase 2/5. Service Build/SB07 Deployment/Temp/IntegBuild.xlsx",
            "operationMetadataId": "1e84d511-1221-421f-9e32-d3cd71ef3f8d",
            "tableId": "{00000000-000C-0000-FFFF-FFFF00000000}",
            "01D53XYFVJQH5VDSFIUNCKRXCOXXYFB6BV": "/Artifacts/Process Advanced Find View 3-5-2024 8-34-40 PM.xlsx"
          },
          "type": "OpenApiConnection",
          "inputs": {
            "host": {
              "connectionName": "shared_excelonlinebusiness",
              "operationId": "GetItems",
              "apiId": "/providers/Microsoft.PowerApps/apis/shared_excelonlinebusiness"
            },
            "parameters": {
              "source": "sites/learnurs.sharepoint.com,1e03eec1-b537-46f5-a6ed-2f3faafcc7f7,179c740c-3ecc-44c7-8af9-dec6f05f4e96",
              "drive": "b!we4DHje19Uam7S8_qvzH9wx0nBfMPsdEivnexvBfTpbMlTYJ6MmMSqNAcp830t48",
              "file": "01D53XYFVJQH5VDSFIUNCKRXCOXXYFB6BV",
              "table": "{00000000-000C-0000-FFFF-FFFF00000000}"
            },
            "authentication": {
              "type": "Raw",
              "value": "@json(decodeBase64(triggerOutputs().headers['X-MS-APIM-Tokens']))['$ConnectionKey']"
            }
          }
        },
        "Init_Error_Array": {
          "runAfter": {
            "List_rows_present_in_a_table": [
              "Succeeded"
            ]
          },
          "metadata": {
            "operationMetadataId": "85e83b43-9ffe-48a2-81d9-acb8139dee11"
          },
          "type": "InitializeVariable",
          "inputs": {
            "variables": [
              {
                "name": "Errors",
                "type": "array"
              }
            ]
          }
        },
        "Init_Error_Obj": {
          "runAfter": {
            "Init_Error_Array": [
              "Succeeded"
            ]
          },
          "metadata": {
            "operationMetadataId": "e7a51d25-1e02-4620-ab23-c0a6c75b4ebb"
          },
          "type": "InitializeVariable",
          "inputs": {
            "variables": [
              {
                "name": "Erro Obj",
                "type": "object"
              }
            ]
          }
        },
        "Apply_to_each": {
          "foreach": "@outputs('List_rows_present_in_a_table')?['body/value']",
          "actions": {
            "Scope": {
              "actions": {
                "Compose": {
                  "runAfter": {},
                  "metadata": {
                    "operationMetadataId": "52347af6-cf84-48af-9e13-9a0e9edad306"
                  },
                  "type": "Compose",
                  "inputs": "@items('Apply_to_each')"
                },
                "Set_variable": {
                  "runAfter": {
                    "ActivateFlow": [
                      "Failed",
                      "TimedOut"
                    ]
                  },
                  "metadata": {
                    "operationMetadataId": "ba4e73cc-6f3b-4a7f-84d8-3dfa17040dbc"
                  },
                  "type": "SetVariable",
                  "inputs": {
                    "name": "Erro Obj",
                    "value": {
                      "Item": "@items('Apply_to_each')",
                      "Error": "@body('ActivateFlow')"
                    }
                  }
                },
                "Append_to_array_variable": {
                  "runAfter": {
                    "Set_variable": [
                      "Succeeded"
                    ]
                  },
                  "metadata": {
                    "operationMetadataId": "0bd64b6b-cb31-4c68-a5e5-5a7bfc0507b2"
                  },
                  "type": "AppendToArrayVariable",
                  "inputs": {
                    "name": "Errors",
                    "value": "@variables('Erro Obj')"
                  }
                },
                "ActivateFlow": {
                  "runAfter": {
                    "Compose": [
                      "Succeeded"
                    ]
                  },
                  "metadata": {
                    "operationMetadataId": "1c6a7c48-89e8-4eee-a97c-540c2a70c7db"
                  },
                  "type": "OpenApiConnection",
                  "inputs": {
                    "host": {
                      "connectionName": "shared_commondataserviceforapps",
                      "operationId": "UpdateRecord",
                      "apiId": "/providers/Microsoft.PowerApps/apis/shared_commondataserviceforapps"
                    },
                    "parameters": {
                      "entityName": "workflows",
                      "recordId": "@items('Apply_to_each')?['(Do Not Modify) Process']",
                      "item/statecode": "@if(equals(items('Apply_to_each')?['Status'], 'Activated'), 1, 0)",
                      "item/statuscode": "@if(equals(items('Apply_to_each')?['Status Reason'], 'Activated'), 2, 1)"
                    },
                    "authentication": {
                      "type": "Raw",
                      "value": "@json(decodeBase64(triggerOutputs().headers['X-MS-APIM-Tokens']))['$ConnectionKey']"
                    }
                  }
                }
              },
              "runAfter": {},
              "metadata": {
                "operationMetadataId": "5ed77f91-a278-4981-8b9c-b02667e008e8"
              },
              "type": "Scope"
            }
          },
          "runAfter": {
            "Init_Error_Obj": [
              "Succeeded"
            ]
          },
          "metadata": {
            "operationMetadataId": "cca2ce6d-5d70-448e-b0c4-9063fe8f99ae"
          },
          "type": "Foreach",
          "runtimeConfiguration": {
            "concurrency": {
              "repetitions": 50
            }
          }
        },
        "Errors": {
          "runAfter": {
            "Apply_to_each": [
              "Succeeded"
            ]
          },
          "metadata": {
            "operationMetadataId": "30686a92-3904-414c-b19b-6402713ec1de"
          },
          "type": "Compose",
          "inputs": "@variables('Errors')"
        },
        "error_count": {
          "runAfter": {
            "Errors": [
              "Succeeded"
            ]
          },
          "metadata": {
            "operationMetadataId": "fa2d6acb-ee1b-441d-9d2f-c5b7e41911b3"
          },
          "type": "Compose",
          "inputs": "@length(outputs('Errors'))"
        }
      }
    },
    "templateName": null
  },
  "schemaVersion": "1.0.0.0"
}